group,max capacity,techno,region
bff45118eb,0.002011111111111111,Oil,b27b7a09b5
4e0111efe4,0.0022444444444444443,Pumped-storage hydroelectricity,cbd1ca6d1b
b908a42baa,0.0018,Pumped-storage hydroelectricity,65b8a70c3e
38ac850526,0.010166666666666666,Nuclear,e1f154b284
11f0db01c5,0.002,Lakes hydroelectricity,65b8a70c3e
448849cbfc,0.002777777777777778,Coal,b27b7a09b5
590ed399e6,0.0016888888888888889,Pumped-storage hydroelectricity,65b8a70c3e
3502809c74,0.0020555555555555557,Oil,b27b7a09b5
b47b199fa5,0.0018555555555555556,Natural gas,d0f46070f1
8bd7eeeafe,0.01011111111111111,Nuclear,100ea10c9f
82adfd09f8,0.0065,Oil,b27b7a09b5
c77caf12a2,0.002522222222222222,Pumped-storage hydroelectricity,4925fb79ef
4f2006e5b8,0.010166666666666666,Nuclear,65b8a70c3e
c827f40f2e,0.009777777777777778,Nuclear,cbd1ca6d1b
bca86e39ca,0.014555555555555556,Nuclear,e1f154b284
63a824c132,0.0031666666666666666,Coal,cbd1ca6d1b
9c5f155037,0.014555555555555556,Nuclear,e1f154b284
49fdd49356,0.0017444444444444445,Pumped-storage hydroelectricity,65b8a70c3e
b4dc686420,0.004588888888888889,Natural gas,cbd1ca6d1b
a98a93a438,0.01661111111111111,Nuclear,100ea10c9f
0cb02227f8,0.014444444444444444,Nuclear,cbd1ca6d1b
a01a891957,0.01011111111111111,Nuclear,65b8a70c3e
5e189223af,0.014555555555555556,Nuclear,cbd1ca6d1b
17acdf7c21,0.0016888888888888889,Pumped-storage hydroelectricity,65b8a70c3e
e3e6c423ca,0.010166666666666666,Nuclear,e1f154b284
7a6bccdf6f,0.010166666666666666,Nuclear,65b8a70c3e
f8b6e08fcc,0.014777777777777779,Nuclear,17e0e6c0d6
fdafc42de3,0.0017444444444444445,Pumped-storage hydroelectricity,65b8a70c3e
ab8f6192d5,0.01011111111111111,Nuclear,d0f46070f1
fedd502c3b,0.0016888888888888889,Pumped-storage hydroelectricity,65b8a70c3e
e6ccf75f5b,0.0017444444444444445,Pumped-storage hydroelectricity,65b8a70c3e
5a67211f4b,0.002777777777777778,Coal,cbd1ca6d1b
825a1182eb,0.014444444444444444,Nuclear,cbd1ca6d1b
c7ab198ce1,0.0022555555555555554,Natural gas,b27b7a09b5
469aa0b661,0.007611111111111111,Oil,cc72846956
4bfdd5537d,0.0,Coal,cbd1ca6d1b
caa4b240f0,0.016666666666666666,Nuclear,cbd1ca6d1b
835c00b354,0.0065,Oil,b27b7a09b5
850b880d08,0.009777777777777778,Nuclear,65b8a70c3e
c5e56b69bf,0.016666666666666666,Nuclear,cbd1ca6d1b
849098d871,0.014555555555555556,Nuclear,cbd1ca6d1b
d1939970a4,0.010166666666666666,Nuclear,65b8a70c3e
8635abfeed,0.002522222222222222,Pumped-storage hydroelectricity,4925fb79ef
111ccea00b,0.005166666666666667,Natural gas,9f1aa34093
f43138a79e,0.002522222222222222,Pumped-storage hydroelectricity,4925fb79ef
166ee136b8,0.01011111111111111,Nuclear,d0f46070f1
54990be7a5,0.0027222222222222222,Coal,cada9f758d
b0748ec357,0.0012777777777777779,Coal,cbd1ca6d1b
38c801352b,0.0064444444444444445,Coal,cc72846956
362c0d8e09,0.002777777777777778,Coal,d0f46070f1
bf038ee95a,0.0009444444444444445,Oil,7ae19c5e22
aee40e341d,0.002022222222222222,Oil,b27b7a09b5
915e14a703,0.009888888888888888,Nuclear,e1f154b284
b81faa5f0f,0.01011111111111111,Nuclear,d0f46070f1
7f3417a174,0.0014444444444444444,Natural gas,17e0e6c0d6
f9f78fb5dd,0.014777777777777779,Nuclear,17e0e6c0d6
3ba4173813,0.014833333333333334,Nuclear,65b8a70c3e
8147792b6a,0.001388888888888889,Oil,b27b7a09b5
c2278d4fde,0.0009444444444444445,Oil,7ae19c5e22
8e8a9c8295,0.0016222222222222222,Lakes hydroelectricity,65b8a70c3e
01edb06e99,0.0013666666666666666,Lakes hydroelectricity,65b8a70c3e
c96e638328,0.0012666666666666666,Lakes hydroelectricity,100ea10c9f
36e2611de5,0.014777777777777779,Nuclear,17e0e6c0d6
e52fcac05e,0.01011111111111111,Nuclear,d0f46070f1
7887768d7f,0.009888888888888888,Nuclear,e1f154b284
a61eee7703,0.014444444444444444,Nuclear,cbd1ca6d1b
0e714207ca,0.01011111111111111,Nuclear,d0f46070f1
ad21639876,0.0016888888888888889,Pumped-storage hydroelectricity,65b8a70c3e
1bd0d8c92a,0.010055555555555555,Nuclear,e1f154b284
7456a1c8c3,0.0064444444444444445,Coal,cc72846956
86ac73a04d,0.0013111111111111112,Lakes hydroelectricity,100ea10c9f
74bad78f6e,0.0016888888888888889,Pumped-storage hydroelectricity,65b8a70c3e
dee32f8a66,0.005944444444444444,Oil,b27b7a09b5
5cec2bcab7,0.007611111111111111,Oil,cc72846956
68996705b1,0.0014333333333333333,Oil,b27b7a09b5
15a112373e,0.0031777777777777776,Lakes hydroelectricity,4925fb79ef
7fdbbaf05e,0.004588888888888889,Natural gas,cbd1ca6d1b
5185612020,0.0022444444444444443,Pumped-storage hydroelectricity,cbd1ca6d1b
a5f90057d9,0.014777777777777779,Nuclear,17e0e6c0d6
3fbce4b7a7,0.0017444444444444445,Pumped-storage hydroelectricity,65b8a70c3e
f05ffe5bf2,0.0018555555555555556,Natural gas,d0f46070f1
94123c484a,0.006388888888888889,Natural gas,d0f46070f1
cd959f0a5c,0.010055555555555555,Nuclear,e1f154b284
87d7616fa4,0.0009444444444444445,Oil,7ae19c5e22
84c4d527bc,0.006611111111111111,Coal,cbd1ca6d1b
cf596f66ea,0.010166666666666666,Nuclear,65b8a70c3e
702f6e4860,0.0016888888888888889,Pumped-storage hydroelectricity,65b8a70c3e
4d43067f52,0.0,Coal,17e0e6c0d6
9e0b0b032f,0.010166666666666666,Nuclear,65b8a70c3e
6c551ab369,0.0025666666666666667,Natural gas,d0f46070f1
cb6f876904,0.0011111111111111111,Lakes hydroelectricity,65b8a70c3e
93fc010da7,0.010055555555555555,Nuclear,e1f154b284
8d0ce25c32,0.01011111111111111,Nuclear,65b8a70c3e
628ab6708a,0.0064444444444444445,Coal,17e0e6c0d6
51ab970237,0.004588888888888889,Natural gas,cbd1ca6d1b
1095339caa,0.0022444444444444443,Pumped-storage hydroelectricity,cbd1ca6d1b
3e30fea5c0,0.004755555555555555,Natural gas,9f1aa34093
fa3883184f,0.014777777777777779,Nuclear,17e0e6c0d6
706016b845,0.01011111111111111,Nuclear,d0f46070f1
73494ef4e8,0.0020555555555555557,Oil,b27b7a09b5
eba79e3e3d,0.004744444444444444,Natural gas,cbd1ca6d1b
108b9d63fc,0.002777777777777778,Coal,b27b7a09b5
89ab93ec6a,0.0,Natural gas,9f1aa34093
56d88b98ba,0.01661111111111111,Nuclear,100ea10c9f
880657f64f,0.0026666666666666666,Lakes hydroelectricity,4925fb79ef
51811d39b8,0.0016888888888888889,Pumped-storage hydroelectricity,65b8a70c3e
52f4c30f4b,0.0025666666666666667,Natural gas,d0f46070f1
4ea9f437bd,0.0044555555555555555,Natural gas,65b8a70c3e
0d3ed38536,0.0,Coal,cbd1ca6d1b
3ad501bfb2,0.0028777777777777777,Pumped-storage hydroelectricity,65b8a70c3e
13aa09d323,0.0016888888888888889,Pumped-storage hydroelectricity,65b8a70c3e
258f0badd1,0.0018555555555555556,Natural gas,d0f46070f1
07e40ca5a1,0.010055555555555555,Nuclear,e1f154b284
3159481078,0.010166666666666666,Nuclear,65b8a70c3e
00c6815524,0.007611111111111111,Oil,4925fb79ef
33d4e2e8c4,0.01011111111111111,Nuclear,100ea10c9f
88aa21a0e9,0.002611111111111111,Coal,cbd1ca6d1b
9446771d0e,0.0022444444444444443,Pumped-storage hydroelectricity,cbd1ca6d1b
0c02136fb5,0.004722222222222222,Natural gas,9f1aa34093
0bb32fbeea,0.014777777777777779,Nuclear,17e0e6c0d6
7df1cadd89,0.01011111111111111,Nuclear,100ea10c9f
b57d930c97,0.0006888888888888888,Other,9f1aa34093
c313f5b6fc,0.005166666666666667,Natural gas,9f1aa34093
76162dce9d,0.014833333333333334,Nuclear,65b8a70c3e
3ab693aaff,0.006611111111111111,Coal,9f1aa34093
b05a263288,0.0014,Lakes hydroelectricity,9f1aa34093
df4df8f063,0.010166666666666666,Nuclear,65b8a70c3e
34c2c7262a,0.001988888888888889,Oil,b27b7a09b5
77d7602d1a,0.014555555555555556,Nuclear,4925fb79ef
a6ad64f27b,0.010166666666666666,Nuclear,65b8a70c3e
96817794e4,0.007611111111111111,Oil,4925fb79ef
3bc366e26e,0.009777777777777778,Nuclear,65b8a70c3e
d9bbbf3e09,0.0009444444444444445,Oil,7ae19c5e22
05210261f4,0.004577777777777778,Natural gas,d0f46070f1
e2e4e5628e,0.0016888888888888889,Pumped-storage hydroelectricity,65b8a70c3e
4e6e29e8a6,0.009888888888888888,Nuclear,e1f154b284
15a96ad3c7,0.0016888888888888889,Pumped-storage hydroelectricity,65b8a70c3e
5644e45181,0.002522222222222222,Pumped-storage hydroelectricity,4925fb79ef
336e1b51f8,0.014777777777777779,Nuclear,17e0e6c0d6
7d0566f37e,0.0016888888888888889,Pumped-storage hydroelectricity,65b8a70c3e
d2ea82eb58,0.0028777777777777777,Pumped-storage hydroelectricity,65b8a70c3e
7895f3c71c,0.009777777777777778,Nuclear,cbd1ca6d1b
aec079e756,0.009888888888888888,Nuclear,e1f154b284
ae9341ba8e,0.014444444444444444,Nuclear,cbd1ca6d1b
e975aeb882,0.0011111111111111111,Lakes hydroelectricity,65b8a70c3e
8c51257de6,0.0011111111111111111,Lakes hydroelectricity,65b8a70c3e
49f5b6b379,0.002,Lakes hydroelectricity,65b8a70c3e
06807915fe,0.01011111111111111,Nuclear,100ea10c9f
fd2fbf8956,0.004833333333333334,Natural gas,cc72846956
e23ef7c3c4,0.0013777777777777777,Lakes hydroelectricity,9f1aa34093
7e3b1dd4fe,0.0065,Oil,b27b7a09b5
fd5cc0c015,0.014555555555555556,Nuclear,4925fb79ef
20826ab3e5,0.0014444444444444444,Natural gas,17e0e6c0d6
86e59b48d1,0.0018555555555555556,Natural gas,d0f46070f1
8bad3a7fdb,0.0016888888888888889,Pumped-storage hydroelectricity,65b8a70c3e
05af2660cf,0.014777777777777779,Nuclear,17e0e6c0d6
dc624139aa,0.001488888888888889,Oil,7ae19c5e22
